#,Speaker,Company,Stage,Conference,Location,Date
1,0xAlex,,Burton Stage,EthCC[9],"Palais des Festivals, Cannes, France","March 30 - April 2, 2026"
2,0xPenryn,,Kelly Stage,EthCC[9],"Palais des Festivals, Cannes, France","March 30 - April 2, 2026"
3,1sla.eth,,Taylor Stage,EthCC[9],"Palais des Festivals, Cannes, France","March 30 - April 2, 2026"
4,Adrian Brink Privacy and self,,Hepburn Stage,EthCC[9],"Palais des Festivals, Cannes, France","March 30 - April 2, 2026"
5,Alan Li,,Burton Stage,EthCC[9],"Palais des Festivals, Cannes, France","March 30 - April 2, 2026"
6,Alec Novella,,Burton Stage,EthCC[9],"Palais des Festivals, Cannes, France","March 30 - April 2, 2026"
7,Alejandro Ranchal,,Hepburn Stage,EthCC[9],"Palais des Festivals, Cannes, France","March 30 - April 2, 2026"
8,Alejandro Ranchal-Pedrosa,,Chaplin Stage,EthCC[9],"Palais des Festivals, Cannes, France","March 30 - April 2, 2026"
9,Alex Cutler,,Redford Stage,EthCC[9],"Palais des Festivals, Cannes, France","March 30 - April 2, 2026"
10,Alexander,Miden,Taylor Stage,EthCC[9],"Palais des Festivals, Cannes, France","March 30 - April 2, 2026"
11,Alexander Müller,,Burton Stage,EthCC[9],"Palais des Festivals, Cannes, France","March 30 - April 2, 2026"
12,Alice,,Burton Stage,EthCC[9],"Palais des Festivals, Cannes, France","March 30 - April 2, 2026"
13,AliceAndBob,,Burton Stage,EthCC[9],"Palais des Festivals, Cannes, France","March 30 - April 2, 2026"
14,Alina Tielnova,,Kelly Stage,EthCC[9],"Palais des Festivals, Cannes, France","March 30 - April 2, 2026"
15,Ambre Soubiran,,Monroe Stage,EthCC[9],"Palais des Festivals, Cannes, France","March 30 - April 2, 2026"
16,Ambroise Helaine,Bybit,Hepburn Stage,EthCC[9],"Palais des Festivals, Cannes, France","March 30 - April 2, 2026"
17,Ami Nagata,,Burton Stage,EthCC[9],"Palais des Festivals, Cannes, France","March 30 - April 2, 2026"
18,Amit Chaudhary,,Chaplin Stage,EthCC[9],"Palais des Festivals, Cannes, France","March 30 - April 2, 2026"
19,Amxx,,Kelly Stage,EthCC[9],"Palais des Festivals, Cannes, France","March 30 - April 2, 2026"
20,Andrea Canidio,,Hepburn Stage,EthCC[9],"Palais des Festivals, Cannes, France","March 30 - April 2, 2026"
21,Andreas Melhede,,Burton Stage,EthCC[9],"Palais des Festivals, Cannes, France","March 30 - April 2, 2026"
22,Andres Junge,,Redford Stage,EthCC[9],"Palais des Festivals, Cannes, France","March 30 - April 2, 2026"
23,Andrew O'Neill,,Monroe Stage,EthCC[9],"Palais des Festivals, Cannes, France","March 30 - April 2, 2026"
24,Andrey Ivasko,,Taylor Stage,EthCC[9],"Palais des Festivals, Cannes, France","March 30 - April 2, 2026"
25,Andrii Bondar,Matter Labs (zkSync,Hepburn Stage,EthCC[9],"Palais des Festivals, Cannes, France","March 30 - April 2, 2026"
26,Andy,The Rollup,Chaplin Stage,EthCC[9],"Palais des Festivals, Cannes, France","March 30 - April 2, 2026"
27,Andy M. Lee,,Taylor Stage,EthCC[9],"Palais des Festivals, Cannes, France","March 30 - April 2, 2026"
28,Angela Kreitenweis,Token Engineering Academy,Chaplin Stage,EthCC[9],"Palais des Festivals, Cannes, France","March 30 - April 2, 2026"
29,Anne,,Kelly Stage,EthCC[9],"Palais des Festivals, Cannes, France","March 30 - April 2, 2026"
30,Anthony Caravello,,Redford Stage,EthCC[9],"Palais des Festivals, Cannes, France","March 30 - April 2, 2026"
31,Anthurine Introducing web3://,,Hepburn Stage,EthCC[9],"Palais des Festivals, Cannes, France","March 30 - April 2, 2026"
32,Antonio Sanso,,Kelly Stage,EthCC[9],"Palais des Festivals, Cannes, France","March 30 - April 2, 2026"
33,Anya,,Burton Stage,EthCC[9],"Palais des Festivals, Cannes, France","March 30 - April 2, 2026"
34,Ariutokintumi,,Kelly Stage,EthCC[9],"Palais des Festivals, Cannes, France","March 30 - April 2, 2026"
35,Arman Sarhaddar,,Burton Stage,EthCC[9],"Palais des Festivals, Cannes, France","March 30 - April 2, 2026"
36,Artem Sinyakin,,Redford Stage,EthCC[9],"Palais des Festivals, Cannes, France","March 30 - April 2, 2026"
37,Arthur Breitman,,Redford Stage,EthCC[9],"Palais des Festivals, Cannes, France","March 30 - April 2, 2026"
38,Asi,,Hepburn Stage,EthCC[9],"Palais des Festivals, Cannes, France","March 30 - April 2, 2026"
39,Barnabé Monnot,,Monroe Stage,EthCC[9],"Palais des Festivals, Cannes, France","March 30 - April 2, 2026"
40,Belma Gutlic,,Kelly Stage,EthCC[9],"Palais des Festivals, Cannes, France","March 30 - April 2, 2026"
41,Bhaji Illuminati,Centrifuge,Monroe Stage,EthCC[9],"Palais des Festivals, Cannes, France","March 30 - April 2, 2026"
42,Bianca Buzea,,Taylor Stage,EthCC[9],"Palais des Festivals, Cannes, France","March 30 - April 2, 2026"
43,Binji,,Redford Stage,EthCC[9],"Palais des Festivals, Cannes, France","March 30 - April 2, 2026"
44,Bob Summerwill,,Taylor Stage,EthCC[9],"Palais des Festivals, Cannes, France","March 30 - April 2, 2026"
45,Brenda Loya,Tellor,Hepburn Stage,EthCC[9],"Palais des Festivals, Cannes, France","March 30 - April 2, 2026"
46,Cactus Raazi,,Redford Stage,EthCC[9],"Palais des Festivals, Cannes, France","March 30 - April 2, 2026"
47,Charles Cooper,,Taylor Stage,EthCC[9],"Palais des Festivals, Cannes, France","March 30 - April 2, 2026"
48,Charles Guillemet,,Monroe Stage,EthCC[9],"Palais des Festivals, Cannes, France","March 30 - April 2, 2026"
49,Charles d'Haussy,,Redford Stage,EthCC[9],"Palais des Festivals, Cannes, France","March 30 - April 2, 2026"
50,Chase Manning,,Burton Stage,EthCC[9],"Palais des Festivals, Cannes, France","March 30 - April 2, 2026"
51,Chow,,Monroe Stage,EthCC[9],"Palais des Festivals, Cannes, France","March 30 - April 2, 2026"
52,Chris McCabe,Session,Hepburn Stage,EthCC[9],"Palais des Festivals, Cannes, France","March 30 - April 2, 2026"
53,Christine Moy,,Monroe Stage,EthCC[9],"Palais des Festivals, Cannes, France","March 30 - April 2, 2026"
54,Christoph Schlegel,Flashbots,Monroe Stage,EthCC[9],"Palais des Festivals, Cannes, France","March 30 - April 2, 2026"
55,Chunda McCain,,Taylor Stage,EthCC[9],"Palais des Festivals, Cannes, France","March 30 - April 2, 2026"
56,Claire Balva,,Kelly Stage,EthCC[9],"Palais des Festivals, Cannes, France","March 30 - April 2, 2026"
57,Clement Lesaege,,Kelly Stage,EthCC[9],"Palais des Festivals, Cannes, France","March 30 - April 2, 2026"
58,Conor,,Burton Stage,EthCC[9],"Palais des Festivals, Cannes, France","March 30 - April 2, 2026"
59,Constantin Dubus,,Monroe Stage,EthCC[9],"Palais des Festivals, Cannes, France","March 30 - April 2, 2026"
60,Corinne Powers,,Taylor Stage,EthCC[9],"Palais des Festivals, Cannes, France","March 30 - April 2, 2026"
61,Costanza,,Kelly Stage,EthCC[9],"Palais des Festivals, Cannes, France","March 30 - April 2, 2026"
62,Crypto Agility Framework for Ethereum,CAFE,Burton Stage,EthCC[9],"Palais des Festivals, Cannes, France","March 30 - April 2, 2026"
63,Cyrille Brière,f(x,Hepburn Stage,EthCC[9],"Palais des Festivals, Cannes, France","March 30 - April 2, 2026"
64,DMH,,Monroe Stage,EthCC[9],"Palais des Festivals, Cannes, France","March 30 - April 2, 2026"
65,Daiki  Endo,,Redford Stage,EthCC[9],"Palais des Festivals, Cannes, France","March 30 - April 2, 2026"
66,Dan Ligocky,,Redford Stage,EthCC[9],"Palais des Festivals, Cannes, France","March 30 - April 2, 2026"
67,Dana Condrea,,Redford Stage,EthCC[9],"Palais des Festivals, Cannes, France","March 30 - April 2, 2026"
68,Daniel Elkins,DGRS Labs,Burton Stage,EthCC[9],"Palais des Festivals, Cannes, France","March 30 - April 2, 2026"
69,Daniel Von Fange,,Kelly Stage,EthCC[9],"Palais des Festivals, Cannes, France","March 30 - April 2, 2026"
70,Darius Moukhtarzade Why Token Launches Fail,,Hepburn Stage,EthCC[9],"Palais des Festivals, Cannes, France","March 30 - April 2, 2026"
71,David  Leonardi,,Kelly Stage,EthCC[9],"Palais des Festivals, Cannes, France","March 30 - April 2, 2026"
72,David Mühlbacher,Stereum Services FlexCo,Hepburn Stage,EthCC[9],"Palais des Festivals, Cannes, France","March 30 - April 2, 2026"
73,David Pearce,,Burton Stage,EthCC[9],"Palais des Festivals, Cannes, France","March 30 - April 2, 2026"
74,Dayan Brunie,Consensys,Burton Stage,EthCC[9],"Palais des Festivals, Cannes, France","March 30 - April 2, 2026"
75,Deca,,Kelly Stage,EthCC[9],"Palais des Festivals, Cannes, France","March 30 - April 2, 2026"
76,Declan Fox,Linea,Hepburn Stage,EthCC[9],"Palais des Festivals, Cannes, France","March 30 - April 2, 2026"
77,Denitza Valjavec,,Taylor Stage,EthCC[9],"Palais des Festivals, Cannes, France","March 30 - April 2, 2026"
78,Derek Sorensen,Ethereum Foundation,Hepburn Stage,EthCC[9],"Palais des Festivals, Cannes, France","March 30 - April 2, 2026"
79,Devansh Mehta,,Kelly Stage,EthCC[9],"Palais des Festivals, Cannes, France","March 30 - April 2, 2026"
80,Devon Martens,,Burton Stage,EthCC[9],"Palais des Festivals, Cannes, France","March 30 - April 2, 2026"
81,Dima Gusakov,Lido,Hepburn Stage,EthCC[9],"Palais des Festivals, Cannes, France","March 30 - April 2, 2026"
82,Doo Wan Nam,,Kelly Stage,EthCC[9],"Palais des Festivals, Cannes, France","March 30 - April 2, 2026"
83,Drake Breeding,,Monroe Stage,EthCC[9],"Palais des Festivals, Cannes, France","March 30 - April 2, 2026"
84,Dyma Budorin,Hacken,Hepburn Stage,EthCC[9],"Palais des Festivals, Cannes, France","March 30 - April 2, 2026"
85,E.G.,,Burton Stage,EthCC[9],"Palais des Festivals, Cannes, France","March 30 - April 2, 2026"
86,Ece Orsel,,Taylor Stage,EthCC[9],"Palais des Festivals, Cannes, France","March 30 - April 2, 2026"
87,Ed Felten,,Monroe Stage,EthCC[9],"Palais des Festivals, Cannes, France","March 30 - April 2, 2026"
88,Ekleen Kaur,Amazon Web Services,Redford Stage,EthCC[9],"Palais des Festivals, Cannes, France","March 30 - April 2, 2026"
89,Ellie Davidson,,Monroe Stage,EthCC[9],"Palais des Festivals, Cannes, France","March 30 - April 2, 2026"
90,Emilio Frangella,Aave Labs,Chaplin Stage,EthCC[9],"Palais des Festivals, Cannes, France","March 30 - April 2, 2026"
91,Emma Landriault,J.P. Morgan Chase,Chaplin Stage,EthCC[9],"Palais des Festivals, Cannes, France","March 30 - April 2, 2026"
92,Eric Zhong,,Taylor Stage,EthCC[9],"Palais des Festivals, Cannes, France","March 30 - April 2, 2026"
93,Ernesto García,,Taylor Stage,EthCC[9],"Palais des Festivals, Cannes, France","March 30 - April 2, 2026"
94,Ernesto Olmedo Pereira,,Kelly Stage,EthCC[9],"Palais des Festivals, Cannes, France","March 30 - April 2, 2026"
95,Eugene Joo,,Taylor Stage,EthCC[9],"Palais des Festivals, Cannes, France","March 30 - April 2, 2026"
96,Everton Fraga,,Redford Stage,EthCC[9],"Palais des Festivals, Cannes, France","March 30 - April 2, 2026"
97,Fabrizio Romano Genovese,,Kelly Stage,EthCC[9],"Palais des Festivals, Cannes, France","March 30 - April 2, 2026"
98,Faustine Fleuret,,Taylor Stage,EthCC[9],"Palais des Festivals, Cannes, France","March 30 - April 2, 2026"
99,Federico Ast,,Redford Stage,EthCC[9],"Palais des Festivals, Cannes, France","March 30 - April 2, 2026"
100,Fisher Yu,Babylon,Chaplin Stage,EthCC[9],"Palais des Festivals, Cannes, France","March 30 - April 2, 2026"
101,Florian Glatz,,Kelly Stage,EthCC[9],"Palais des Festivals, Cannes, France","March 30 - April 2, 2026"
102,Fredrik Haga,,Monroe Stage,EthCC[9],"Palais des Festivals, Cannes, France","March 30 - April 2, 2026"
103,Friederike Ernst,,Redford Stage,EthCC[9],"Palais des Festivals, Cannes, France","March 30 - April 2, 2026"
104,Gajinder Singh,,Burton Stage,EthCC[9],"Palais des Festivals, Cannes, France","March 30 - April 2, 2026"
105,Gauthier Leonard,Suzaku,Chaplin Stage,EthCC[9],"Palais des Festivals, Cannes, France","March 30 - April 2, 2026"
106,Gauthier Vila,,Taylor Stage,EthCC[9],"Palais des Festivals, Cannes, France","March 30 - April 2, 2026"
107,Gio,Parity Technologies,Redford Stage,EthCC[9],"Palais des Festivals, Cannes, France","March 30 - April 2, 2026"
108,Gori,,Monroe Stage,EthCC[9],"Palais des Festivals, Cannes, France","March 30 - April 2, 2026"
109,Greg Swirski,,Burton Stage,EthCC[9],"Palais des Festivals, Cannes, France","March 30 - April 2, 2026"
110,Griff,,Monroe Stage,EthCC[9],"Palais des Festivals, Cannes, France","March 30 - April 2, 2026"
111,Gwen,,Taylor Stage,EthCC[9],"Palais des Festivals, Cannes, France","March 30 - April 2, 2026"
112,Gísli Kristjánsson,,Monroe Stage,EthCC[9],"Palais des Festivals, Cannes, France","March 30 - April 2, 2026"
113,Han,,Kelly Stage,EthCC[9],"Palais des Festivals, Cannes, France","March 30 - April 2, 2026"
114,Harry Horsfall,,Kelly Stage,EthCC[9],"Palais des Festivals, Cannes, France","March 30 - April 2, 2026"
115,Hayat Outahar,,Taylor Stage,EthCC[9],"Palais des Festivals, Cannes, France","March 30 - April 2, 2026"
116,He Who Remains,,Taylor Stage,EthCC[9],"Palais des Festivals, Cannes, France","March 30 - April 2, 2026"
117,Henri Lieutaud,,Monroe Stage,EthCC[9],"Palais des Festivals, Cannes, France","March 30 - April 2, 2026"
118,Hester Bruikman,,Taylor Stage,EthCC[9],"Palais des Festivals, Cannes, France","March 30 - April 2, 2026"
119,Hong Kim,,Monroe Stage,EthCC[9],"Palais des Festivals, Cannes, France","March 30 - April 2, 2026"
120,IVa,,Redford Stage,EthCC[9],"Palais des Festivals, Cannes, France","March 30 - April 2, 2026"
121,Ishan Sharma,,Kelly Stage,EthCC[9],"Palais des Festivals, Cannes, France","March 30 - April 2, 2026"
122,Izzy Lido,,Redford Stage,EthCC[9],"Palais des Festivals, Cannes, France","March 30 - April 2, 2026"
123,Jake O,BitGo,Hepburn Stage,EthCC[9],"Palais des Festivals, Cannes, France","March 30 - April 2, 2026"
124,Jake Salerno,,Burton Stage,EthCC[9],"Palais des Festivals, Cannes, France","March 30 - April 2, 2026"
125,James Wo ),,Monroe Stage,EthCC[9],"Palais des Festivals, Cannes, France","March 30 - April 2, 2026"
126,Jan Gorzny,,Redford Stage,EthCC[9],"Palais des Festivals, Cannes, France","March 30 - April 2, 2026"
127,Jan Setina,,Monroe Stage,EthCC[9],"Palais des Festivals, Cannes, France","March 30 - April 2, 2026"
128,Jason Lau,OKX,Chaplin Stage,EthCC[9],"Palais des Festivals, Cannes, France","March 30 - April 2, 2026"
129,Jean,,Chaplin Stage,EthCC[9],"Palais des Festivals, Cannes, France","March 30 - April 2, 2026"
130,Jean-Marc Stenger,,Redford Stage,EthCC[9],"Palais des Festivals, Cannes, France","March 30 - April 2, 2026"
131,Jerome  de Tychey,,Monroe Stage,EthCC[9],"Palais des Festivals, Cannes, France","March 30 - April 2, 2026"
132,Jerome  de Tychey Ethereum France,,Monroe Stage,EthCC[9],"Palais des Festivals, Cannes, France","March 30 - April 2, 2026"
133,Jihoon Song,Ethereum Foundation,Hepburn Stage,EthCC[9],"Palais des Festivals, Cannes, France","March 30 - April 2, 2026"
134,Jistro,,Kelly Stage,EthCC[9],"Palais des Festivals, Cannes, France","March 30 - April 2, 2026"
135,Joan  Alavedra,,Taylor Stage,EthCC[9],"Palais des Festivals, Cannes, France","March 30 - April 2, 2026"
136,Johann Eid,Chainlink Labs,Chaplin Stage,EthCC[9],"Palais des Festivals, Cannes, France","March 30 - April 2, 2026"
137,Johannes Kern,,Taylor Stage,EthCC[9],"Palais des Festivals, Cannes, France","March 30 - April 2, 2026"
138,John Hallahan,Fireblocks,Chaplin Stage,EthCC[9],"Palais des Festivals, Cannes, France","March 30 - April 2, 2026"
139,Jon Stephens,,Kelly Stage,EthCC[9],"Palais des Festivals, Cannes, France","March 30 - April 2, 2026"
140,Jonathan Han,,Burton Stage,EthCC[9],"Palais des Festivals, Cannes, France","March 30 - April 2, 2026"
141,Jonathan Meyer,Ethstaker,Hepburn Stage,EthCC[9],"Palais des Festivals, Cannes, France","March 30 - April 2, 2026"
142,Jonathan Passerat-Palmbach,,Redford Stage,EthCC[9],"Palais des Festivals, Cannes, France","March 30 - April 2, 2026"
143,Jonjon Clark,,Monroe Stage,EthCC[9],"Palais des Festivals, Cannes, France","March 30 - April 2, 2026"
144,Jordan Jefferson,DogeOS,Redford Stage,EthCC[9],"Palais des Festivals, Cannes, France","March 30 - April 2, 2026"
145,Jordi Baylina,ZisK,Redford Stage,EthCC[9],"Palais des Festivals, Cannes, France","March 30 - April 2, 2026"
146,Jork Leonhardt,,Redford Stage,EthCC[9],"Palais des Festivals, Cannes, France","March 30 - April 2, 2026"
147,Jose,,Kelly Stage,EthCC[9],"Palais des Festivals, Cannes, France","March 30 - April 2, 2026"
148,Josef Jelacic,,Kelly Stage,EthCC[9],"Palais des Festivals, Cannes, France","March 30 - April 2, 2026"
149,Joshua Foster,Quicknode,Hepburn Stage,EthCC[9],"Palais des Festivals, Cannes, France","March 30 - April 2, 2026"
150,José Luu,,Taylor Stage,EthCC[9],"Palais des Festivals, Cannes, France","March 30 - April 2, 2026"
151,Juan David Mendieta,,Redford Stage,EthCC[9],"Palais des Festivals, Cannes, France","March 30 - April 2, 2026"
152,Julian Grigo,Safe,Monroe Stage,EthCC[9],"Palais des Festivals, Cannes, France","March 30 - April 2, 2026"
153,Julie Bader,,Taylor Stage,EthCC[9],"Palais des Festivals, Cannes, France","March 30 - April 2, 2026"
154,Justin Ahn,,Kelly Stage,EthCC[9],"Palais des Festivals, Cannes, France","March 30 - April 2, 2026"
155,Justin Drake,Ethereum Foundation,Hepburn Stage,EthCC[9],"Palais des Festivals, Cannes, France","March 30 - April 2, 2026"
156,Justin Kugel,,Redford Stage,EthCC[9],"Palais des Festivals, Cannes, France","March 30 - April 2, 2026"
157,Justin Sun,,Monroe Stage,EthCC[9],"Palais des Festivals, Cannes, France","March 30 - April 2, 2026"
158,Kaloyan Kosev,,Redford Stage,EthCC[9],"Palais des Festivals, Cannes, France","March 30 - April 2, 2026"
159,Karl Floersch,,Kelly Stage,EthCC[9],"Palais des Festivals, Cannes, France","March 30 - April 2, 2026"
160,Kasra Khosravi (Goldsky (and also erpc open,,Burton Stage,EthCC[9],"Palais des Festivals, Cannes, France","March 30 - April 2, 2026"
161,Kayden Moroz Liebl (https://github.com/ReamLabs/re,,Taylor Stage,EthCC[9],"Palais des Festivals, Cannes, France","March 30 - April 2, 2026"
162,Kelly Roegies,,Redford Stage,EthCC[9],"Palais des Festivals, Cannes, France","March 30 - April 2, 2026"
163,Ken Smith,NextBlock Solutions,Hepburn Stage,EthCC[9],"Palais des Festivals, Cannes, France","March 30 - April 2, 2026"
164,Kevin Jones,,Burton Stage,EthCC[9],"Palais des Festivals, Cannes, France","March 30 - April 2, 2026"
165,Kevin Weaver,Optimism,Hepburn Stage,EthCC[9],"Palais des Festivals, Cannes, France","March 30 - April 2, 2026"
166,Kirk Baird,,Kelly Stage,EthCC[9],"Palais des Festivals, Cannes, France","March 30 - April 2, 2026"
167,Kite Liu,Uniswap Labs,Taylor Stage,EthCC[9],"Palais des Festivals, Cannes, France","March 30 - April 2, 2026"
168,Kolten Bergeron,,Chaplin Stage,EthCC[9],"Palais des Festivals, Cannes, France","March 30 - April 2, 2026"
169,Krzysztof Gogol,,Chaplin Stage,EthCC[9],"Palais des Festivals, Cannes, France","March 30 - April 2, 2026"
170,Kubi Mensah,Gattaca,Hepburn Stage,EthCC[9],"Palais des Festivals, Cannes, France","March 30 - April 2, 2026"
171,LATAM,,Hepburn Stage,EthCC[9],"Palais des Festivals, Cannes, France","March 30 - April 2, 2026"
172,Ladislaus von Daniels,Ethereum Foundation,Hepburn Stage,EthCC[9],"Palais des Festivals, Cannes, France","March 30 - April 2, 2026"
173,Lamboshi,EthStaker,Hepburn Stage,EthCC[9],"Palais des Festivals, Cannes, France","March 30 - April 2, 2026"
174,Laszlo Szabo,,Monroe Stage,EthCC[9],"Palais des Festivals, Cannes, France","March 30 - April 2, 2026"
175,Laurence Day,,Redford Stage,EthCC[9],"Palais des Festivals, Cannes, France","March 30 - April 2, 2026"
176,Leo,MigaLabs,Hepburn Stage,EthCC[9],"Palais des Festivals, Cannes, France","March 30 - April 2, 2026"
177,Leo Fan Making Sub,,Hepburn Stage,EthCC[9],"Palais des Festivals, Cannes, France","March 30 - April 2, 2026"
178,Lera,,Kelly Stage,EthCC[9],"Palais des Festivals, Cannes, France","March 30 - April 2, 2026"
179,Lioba Heimbach,,Redford Stage,EthCC[9],"Palais des Festivals, Cannes, France","March 30 - April 2, 2026"
180,Liz Steininger,,Monroe Stage,EthCC[9],"Palais des Festivals, Cannes, France","March 30 - April 2, 2026"
181,Lola Rigaut-Luczak,,Burton Stage,EthCC[9],"Palais des Festivals, Cannes, France","March 30 - April 2, 2026"
182,Louie O'Connor,,Redford Stage,EthCC[9],"Palais des Festivals, Cannes, France","March 30 - April 2, 2026"
183,Luca Winter,Serenita,Hepburn Stage,EthCC[9],"Palais des Festivals, Cannes, France","March 30 - April 2, 2026"
184,Luis Correia,Flashbots,Hepburn Stage,EthCC[9],"Palais des Festivals, Cannes, France","March 30 - April 2, 2026"
185,Marc Stenger,Société Générale-Forge,Chaplin Stage,EthCC[9],"Palais des Festivals, Cannes, France","March 30 - April 2, 2026"
186,Marcin Kazmierczak,,Kelly Stage,EthCC[9],"Palais des Festivals, Cannes, France","March 30 - April 2, 2026"
187,Maria Magenes,,Taylor Stage,EthCC[9],"Palais des Festivals, Cannes, France","March 30 - April 2, 2026"
188,Mariia Keiko,,Burton Stage,EthCC[9],"Palais des Festivals, Cannes, France","March 30 - April 2, 2026"
189,Marina Markezic,,Kelly Stage,EthCC[9],"Palais des Festivals, Cannes, France","March 30 - April 2, 2026"
190,Mario Baxter Cabrera,,Chaplin Stage,EthCC[9],"Palais des Festivals, Cannes, France","March 30 - April 2, 2026"
191,Marius van der Wijden,Ethereum Foun,Hepburn Stage,EthCC[9],"Palais des Festivals, Cannes, France","March 30 - April 2, 2026"
192,Mark Ballandies,,Chaplin Stage,EthCC[9],"Palais des Festivals, Cannes, France","March 30 - April 2, 2026"
193,Martin Bruncko,,Redford Stage,EthCC[9],"Palais des Festivals, Cannes, France","March 30 - April 2, 2026"
194,Martin Hansen,,Taylor Stage,EthCC[9],"Palais des Festivals, Cannes, France","March 30 - April 2, 2026"
195,Martin Leclercq,,Kelly Stage,EthCC[9],"Palais des Festivals, Cannes, France","March 30 - April 2, 2026"
196,Martin de Rijke,Maple Finance,Chaplin Stage,EthCC[9],"Palais des Festivals, Cannes, France","March 30 - April 2, 2026"
197,Massimo Cervesato,Mastercard,Chaplin Stage,EthCC[9],"Palais des Festivals, Cannes, France","March 30 - April 2, 2026"
198,Matt Pearring,,Monroe Stage,EthCC[9],"Palais des Festivals, Cannes, France","March 30 - April 2, 2026"
199,Max Lomu,,Burton Stage,EthCC[9],"Palais des Festivals, Cannes, France","March 30 - April 2, 2026"
200,Meinhard Benn,,Kelly Stage,EthCC[9],"Palais des Festivals, Cannes, France","March 30 - April 2, 2026"
201,Mende,,Burton Stage,EthCC[9],"Palais des Festivals, Cannes, France","March 30 - April 2, 2026"
202,Merlin Egalite,,Hepburn Stage,EthCC[9],"Palais des Festivals, Cannes, France","March 30 - April 2, 2026"
203,Michael  Wu,,Kelly Stage,EthCC[9],"Palais des Festivals, Cannes, France","March 30 - April 2, 2026"
204,Michael Noble,,Redford Stage,EthCC[9],"Palais des Festivals, Cannes, France","March 30 - April 2, 2026"
205,Mike McCabe,,Taylor Stage,EthCC[9],"Palais des Festivals, Cannes, France","March 30 - April 2, 2026"
206,Mohsen Ahmadvand ),,Monroe Stage,EthCC[9],"Palais des Festivals, Cannes, France","March 30 - April 2, 2026"
207,Mooly Sagiv,Certora,Chaplin Stage,EthCC[9],"Palais des Festivals, Cannes, France","March 30 - April 2, 2026"
208,Murat Ögat,,Burton Stage,EthCC[9],"Palais des Festivals, Cannes, France","March 30 - April 2, 2026"
209,Nadia Ivanova-banda,,Taylor Stage,EthCC[9],"Palais des Festivals, Cannes, France","March 30 - April 2, 2026"
210,Nahim Terrazas,,Taylor Stage,EthCC[9],"Palais des Festivals, Cannes, France","March 30 - April 2, 2026"
211,Nassim Alexa,,Redford Stage,EthCC[9],"Palais des Festivals, Cannes, France","March 30 - April 2, 2026"
212,Nenter,Nathan,Monroe Stage,EthCC[9],"Palais des Festivals, Cannes, France","March 30 - April 2, 2026"
213,Nicolas  Consigny,Ethereum Foundation,Monroe Stage,EthCC[9],"Palais des Festivals, Cannes, France","March 30 - April 2, 2026"
214,Nicolas Assouad,,Taylor Stage,EthCC[9],"Palais des Festivals, Cannes, France","March 30 - April 2, 2026"
215,Nikhil J.,USA,Chaplin Stage,EthCC[9],"Palais des Festivals, Cannes, France","March 30 - April 2, 2026"
216,Nischal Sharma,,Burton Stage,EthCC[9],"Palais des Festivals, Cannes, France","March 30 - April 2, 2026"
217,Noid,,Burton Stage,EthCC[9],"Palais des Festivals, Cannes, France","March 30 - April 2, 2026"
218,Norbert Vadas,Zenith,Hepburn Stage,EthCC[9],"Palais des Festivals, Cannes, France","March 30 - April 2, 2026"
219,Oghenekaro Elem,,Chaplin Stage,EthCC[9],"Palais des Festivals, Cannes, France","March 30 - April 2, 2026"
220,Oisín Kyne,,Kelly Stage,EthCC[9],"Palais des Festivals, Cannes, France","March 30 - April 2, 2026"
221,Oleg Lodygensky,,Burton Stage,EthCC[9],"Palais des Festivals, Cannes, France","March 30 - April 2, 2026"
222,Olivier Desenfans,,Taylor Stage,EthCC[9],"Palais des Festivals, Cannes, France","March 30 - April 2, 2026"
223,Ophelia Snyder,,Monroe Stage,EthCC[9],"Palais des Festivals, Cannes, France","March 30 - April 2, 2026"
224,Ottdogg,,Redford Stage,EthCC[9],"Palais des Festivals, Cannes, France","March 30 - April 2, 2026"
225,Otto Jacobsson,,Taylor Stage,EthCC[9],"Palais des Festivals, Cannes, France","March 30 - April 2, 2026"
226,OxFlint_,,Taylor Stage,EthCC[9],"Palais des Festivals, Cannes, France","March 30 - April 2, 2026"
227,PBJ,,Taylor Stage,EthCC[9],"Palais des Festivals, Cannes, France","March 30 - April 2, 2026"
228,Pablo Veyrat,,Kelly Stage,EthCC[9],"Palais des Festivals, Cannes, France","March 30 - April 2, 2026"
229,Pamina Georgiev,,Taylor Stage,EthCC[9],"Palais des Festivals, Cannes, France","March 30 - April 2, 2026"
230,Patricio Worthalter,,Monroe Stage,EthCC[9],"Palais des Festivals, Cannes, France","March 30 - April 2, 2026"
231,Patrick Hansen,,Kelly Stage,EthCC[9],"Palais des Festivals, Cannes, France","March 30 - April 2, 2026"
232,Paul Brody,,Monroe Stage,EthCC[9],"Palais des Festivals, Cannes, France","March 30 - April 2, 2026"
233,Paul Schoenfelder,,Kelly Stage,EthCC[9],"Palais des Festivals, Cannes, France","March 30 - April 2, 2026"
234,Pauline Shangett,,Taylor Stage,EthCC[9],"Palais des Festivals, Cannes, France","March 30 - April 2, 2026"
235,Pedro Gomes,,Monroe Stage,EthCC[9],"Palais des Festivals, Cannes, France","March 30 - April 2, 2026"
236,Pedrosa,SEI Labs,Hepburn Stage,EthCC[9],"Palais des Festivals, Cannes, France","March 30 - April 2, 2026"
237,Perezz,Ethereum Foundation,Hepburn Stage,EthCC[9],"Palais des Festivals, Cannes, France","March 30 - April 2, 2026"
238,Petar Atanasovski,,Redford Stage,EthCC[9],"Palais des Festivals, Cannes, France","March 30 - April 2, 2026"
239,Peter Us,,Taylor Stage,EthCC[9],"Palais des Festivals, Cannes, France","March 30 - April 2, 2026"
240,Pol Lanski,,Monroe Stage,EthCC[9],"Palais des Festivals, Cannes, France","March 30 - April 2, 2026"
241,Prabal Banerjee,,Redford Stage,EthCC[9],"Palais des Festivals, Cannes, France","March 30 - April 2, 2026"
242,Pranay Valson,,Kelly Stage,EthCC[9],"Palais des Festivals, Cannes, France","March 30 - April 2, 2026"
243,Praneeth Srikanti,,Taylor Stage,EthCC[9],"Palais des Festivals, Cannes, France","March 30 - April 2, 2026"
244,Privacy Requires System,Re,Redford Stage,EthCC[9],"Palais des Festivals, Cannes, France","March 30 - April 2, 2026"
245,Qi Zhou,,Monroe Stage,EthCC[9],"Palais des Festivals, Cannes, France","March 30 - April 2, 2026"
246,Raza Zaidi,,Taylor Stage,EthCC[9],"Palais des Festivals, Cannes, France","March 30 - April 2, 2026"
247,RealDennisO,,Hepburn Stage,EthCC[9],"Palais des Festivals, Cannes, France","March 30 - April 2, 2026"
248,Rebecca Liao,,Redford Stage,EthCC[9],"Palais des Festivals, Cannes, France","March 30 - April 2, 2026"
249,Redwan Meslem ERC,,Hepburn Stage,EthCC[9],"Palais des Festivals, Cannes, France","March 30 - April 2, 2026"
250,Reid Simon,,Kelly Stage,EthCC[9],"Palais des Festivals, Cannes, France","March 30 - April 2, 2026"
251,Reka Medvecz,,Redford Stage,EthCC[9],"Palais des Festivals, Cannes, France","March 30 - April 2, 2026"
252,Reno,,Taylor Stage,EthCC[9],"Palais des Festivals, Cannes, France","March 30 - April 2, 2026"
253,Richard Meissner,,Monroe Stage,EthCC[9],"Palais des Festivals, Cannes, France","March 30 - April 2, 2026"
254,Richardson,Bancor Protocol,Chaplin Stage,EthCC[9],"Palais des Festivals, Cannes, France","March 30 - April 2, 2026"
255,Romain Menetrier,,Burton Stage,EthCC[9],"Palais des Festivals, Cannes, France","March 30 - April 2, 2026"
256,Ryan Sauge,,Burton Stage,EthCC[9],"Palais des Festivals, Cannes, France","March 30 - April 2, 2026"
257,Rémi,,Taylor Stage,EthCC[9],"Palais des Festivals, Cannes, France","March 30 - April 2, 2026"
258,SEVEN,,Monroe Stage,EthCC[9],"Palais des Festivals, Cannes, France","March 30 - April 2, 2026"
259,Sajida,,Redford Stage,EthCC[9],"Palais des Festivals, Cannes, France","March 30 - April 2, 2026"
260,Sam Reeves,,Burton Stage,EthCC[9],"Palais des Festivals, Cannes, France","March 30 - April 2, 2026"
261,Sarah Hicks,,Redford Stage,EthCC[9],"Palais des Festivals, Cannes, France","March 30 - April 2, 2026"
262,Satya,,Burton Stage,EthCC[9],"Palais des Festivals, Cannes, France","March 30 - April 2, 2026"
263,Sebastian Widmann,,Kelly Stage,EthCC[9],"Palais des Festivals, Cannes, France","March 30 - April 2, 2026"
264,Sebastien Borget,,Kelly Stage,EthCC[9],"Palais des Festivals, Cannes, France","March 30 - April 2, 2026"
265,Sejal,Protocol labs Filecoin Impact Fund (PLFIF,Hepburn Stage,EthCC[9],"Palais des Festivals, Cannes, France","March 30 - April 2, 2026"
266,Sergej Kunz,,Monroe Stage,EthCC[9],"Palais des Festivals, Cannes, France","March 30 - April 2, 2026"
267,Seth For Privacy,,Redford Stage,EthCC[9],"Palais des Festivals, Cannes, France","March 30 - April 2, 2026"
268,Shane,Sigma Prime,Hepburn Stage,EthCC[9],"Palais des Festivals, Cannes, France","March 30 - April 2, 2026"
269,Simo,Aave,Chaplin Stage,EthCC[9],"Palais des Festivals, Cannes, France","March 30 - April 2, 2026"
270,Simon Masson,,Taylor Stage,EthCC[9],"Palais des Festivals, Cannes, France","March 30 - April 2, 2026"
271,Simon Polrot,,Kelly Stage,EthCC[9],"Palais des Festivals, Cannes, France","March 30 - April 2, 2026"
272,Simona Pop,Angel Investor & Advisor at Large,Redford Stage,EthCC[9],"Palais des Festivals, Cannes, France","March 30 - April 2, 2026"
273,Skeletor Spaceman,Wonderland,Monroe Stage,EthCC[9],"Palais des Festivals, Cannes, France","March 30 - April 2, 2026"
274,Slobodan Lukovic,,Burton Stage,EthCC[9],"Palais des Festivals, Cannes, France","March 30 - April 2, 2026"
275,Soufia,Mellow,Chaplin Stage,EthCC[9],"Palais des Festivals, Cannes, France","March 30 - April 2, 2026"
276,Stani  Kulechov,Aave Labs,Chaplin Stage,EthCC[9],"Palais des Festivals, Cannes, France","March 30 - April 2, 2026"
277,Stanislas de Maistre,Belem Capital,Redford Stage,EthCC[9],"Palais des Festivals, Cannes, France","March 30 - April 2, 2026"
278,Stefan  Kobrc,Rocklogic Gmbh,Hepburn Stage,EthCC[9],"Palais des Festivals, Cannes, France","March 30 - April 2, 2026"
279,Stefan Loesch,,Chaplin Stage,EthCC[9],"Palais des Festivals, Cannes, France","March 30 - April 2, 2026"
280,Stefano De Angelis Rethinking PeerDAS: Transparent,,Hepburn Stage,EthCC[9],"Palais des Festivals, Cannes, France","March 30 - April 2, 2026"
281,Stefano Gogioso,,Kelly Stage,EthCC[9],"Palais des Festivals, Cannes, France","March 30 - April 2, 2026"
282,Steffen Kux,,Taylor Stage,EthCC[9],"Palais des Festivals, Cannes, France","March 30 - April 2, 2026"
283,Stepan Nilov,Tangem,Hepburn Stage,EthCC[9],"Palais des Festivals, Cannes, France","March 30 - April 2, 2026"
284,Stephan Duan,,Kelly Stage,EthCC[9],"Palais des Festivals, Cannes, France","March 30 - April 2, 2026"
285,Stéphane Tetsing,,Burton Stage,EthCC[9],"Palais des Festivals, Cannes, France","March 30 - April 2, 2026"
286,Suhyeon Lee,,Chaplin Stage,EthCC[9],"Palais des Festivals, Cannes, France","March 30 - April 2, 2026"
287,Suji,,Monroe Stage,EthCC[9],"Palais des Festivals, Cannes, France","March 30 - April 2, 2026"
288,Suki Yang,,Burton Stage,EthCC[9],"Palais des Festivals, Cannes, France","March 30 - April 2, 2026"
289,Sunny Jiang,,Kelly Stage,EthCC[9],"Palais des Festivals, Cannes, France","March 30 - April 2, 2026"
290,Sylvain Prigent,,Monroe Stage,EthCC[9],"Palais des Festivals, Cannes, France","March 30 - April 2, 2026"
291,Terence Tsao,,Redford Stage,EthCC[9],"Palais des Festivals, Cannes, France","March 30 - April 2, 2026"
292,Tiago Santana,,Chaplin Stage,EthCC[9],"Palais des Festivals, Cannes, France","March 30 - April 2, 2026"
293,Tom David,,Burton Stage,EthCC[9],"Palais des Festivals, Cannes, France","March 30 - April 2, 2026"
294,Tom Trowbridge,,Monroe Stage,EthCC[9],"Palais des Festivals, Cannes, France","March 30 - April 2, 2026"
295,Tomasz Stanczak,,Monroe Stage,EthCC[9],"Palais des Festivals, Cannes, France","March 30 - April 2, 2026"
296,Tomer Ganor,,Kelly Stage,EthCC[9],"Palais des Festivals, Cannes, France","March 30 - April 2, 2026"
297,Tomer Weller,Stellar Development Foundation,Hepburn Stage,EthCC[9],"Palais des Festivals, Cannes, France","March 30 - April 2, 2026"
298,Toni Wahrstaetter,,Redford Stage,EthCC[9],"Palais des Festivals, Cannes, France","March 30 - April 2, 2026"
299,Tümay Tuzcu,,Burton Stage,EthCC[9],"Palais des Festivals, Cannes, France","March 30 - April 2, 2026"
300,Uros Trbovic,,Burton Stage,EthCC[9],"Palais des Festivals, Cannes, France","March 30 - April 2, 2026"
301,Vabuk (Max Planck Institute for So,,Hepburn Stage,EthCC[9],"Palais des Festivals, Cannes, France","March 30 - April 2, 2026"
302,Val  Gui,,Monroe Stage,EthCC[9],"Palais des Festivals, Cannes, France","March 30 - April 2, 2026"
303,Vasily Sidorov,,Burton Stage,EthCC[9],"Palais des Festivals, Cannes, France","March 30 - April 2, 2026"
304,Victor Chiea,,Redford Stage,EthCC[9],"Palais des Festivals, Cannes, France","March 30 - April 2, 2026"
305,Victoria CALMON,,Redford Stage,EthCC[9],"Palais des Festivals, Cannes, France","March 30 - April 2, 2026"
306,Vincent,Redbelly Network / The University of Sydney,Hepburn Stage,EthCC[9],"Palais des Festivals, Cannes, France","March 30 - April 2, 2026"
307,Vitalik Buterin,Ethereum Foundation,Monroe Stage,EthCC[9],"Palais des Festivals, Cannes, France","March 30 - April 2, 2026"
308,Wesley Crook,FP Block,Hepburn Stage,EthCC[9],"Palais des Festivals, Cannes, France","March 30 - April 2, 2026"
309,Will Papper,,Taylor Stage,EthCC[9],"Palais des Festivals, Cannes, France","March 30 - April 2, 2026"
310,William,,Monroe Stage,EthCC[9],"Palais des Festivals, Cannes, France","March 30 - April 2, 2026"
311,William George,,Chaplin Stage,EthCC[9],"Palais des Festivals, Cannes, France","March 30 - April 2, 2026"
312,Wish Wu,,Redford Stage,EthCC[9],"Palais des Festivals, Cannes, France","March 30 - April 2, 2026"
313,Wolfgang Vitale,,Burton Stage,EthCC[9],"Palais des Festivals, Cannes, France","March 30 - April 2, 2026"
314,Xiangru Ma,,Burton Stage,EthCC[9],"Palais des Festivals, Cannes, France","March 30 - April 2, 2026"
315,Yanis Meziane,,Taylor Stage,EthCC[9],"Palais des Festivals, Cannes, France","March 30 - April 2, 2026"
316,Yaniv Tal,,Redford Stage,EthCC[9],"Palais des Festivals, Cannes, France","March 30 - April 2, 2026"
317,Yeho Hwang,,Burton Stage,EthCC[9],"Palais des Festivals, Cannes, France","March 30 - April 2, 2026"
318,Yi Sun,,Redford Stage,EthCC[9],"Palais des Festivals, Cannes, France","March 30 - April 2, 2026"
319,Yoichi Hirai,,Monroe Stage,EthCC[9],"Palais des Festivals, Cannes, France","March 30 - April 2, 2026"
320,Yorick Downe Home staking behind CGNAT,,Hepburn Stage,EthCC[9],"Palais des Festivals, Cannes, France","March 30 - April 2, 2026"
321,Zac  Williamson,,Monroe Stage,EthCC[9],"Palais des Festivals, Cannes, France","March 30 - April 2, 2026"
322,Zach Pandl,,Burton Stage,EthCC[9],"Palais des Festivals, Cannes, France","March 30 - April 2, 2026"
323,agaperste,,Kelly Stage,EthCC[9],"Palais des Festivals, Cannes, France","March 30 - April 2, 2026"
324,albicodes,,Redford Stage,EthCC[9],"Palais des Festivals, Cannes, France","March 30 - April 2, 2026"
325,btchip,,Redford Stage,EthCC[9],"Palais des Festivals, Cannes, France","March 30 - April 2, 2026"
326,cheeky-gorilla,,Redford Stage,EthCC[9],"Palais des Festivals, Cannes, France","March 30 - April 2, 2026"
327,dee_centralized,,Redford Stage,EthCC[9],"Palais des Festivals, Cannes, France","March 30 - April 2, 2026"
328,definikola,,Burton Stage,EthCC[9],"Palais des Festivals, Cannes, France","March 30 - April 2, 2026"
329,hildobby,,Monroe Stage,EthCC[9],"Palais des Festivals, Cannes, France","March 30 - April 2, 2026"
330,jacobc.eth,,Kelly Stage,EthCC[9],"Palais des Festivals, Cannes, France","March 30 - April 2, 2026"
331,nisedo,,Kelly Stage,EthCC[9],"Palais des Festivals, Cannes, France","March 30 - April 2, 2026"
332,oskarth,,Kelly Stage,EthCC[9],"Palais des Festivals, Cannes, France","March 30 - April 2, 2026"
333,wei3erHase,,Kelly Stage,EthCC[9],"Palais des Festivals, Cannes, France","March 30 - April 2, 2026"
334,zk_evm,,Kelly Stage,EthCC[9],"Palais des Festivals, Cannes, France","March 30 - April 2, 2026"
